{
    "num_pages": 3,
    "pages": {
        "1": {
            "num_tables": 5,
            "tables": {
                "1": {
                    "bottom": 0.5571557669441142,
                    "left": 0.07584873949579832,
                    "right": 0.9103411764705882,
                    "top": 0.5269244946492272
                },
                "2": {
                    "bottom": 0.6198834720570748,
                    "left": 0.07584873949579832,
                    "right": 0.9103411764705882,
                    "top": 0.5896521997621879
                },
                "3": {
                    "bottom": 0.6680689655172415,
                    "left": 0.07584873949579832,
                    "right": 0.9103411764705882,
                    "top": 0.6378376932223543
                },
                "4": {
                    "bottom": 0.7598799048751486,
                    "left": 0.07584873949579832,
                    "right": 0.9103411764705882,
                    "top": 0.7296486325802617
                },
                "5": {
                    "bottom": 0.8371486325802616,
                    "left": 0.07584873949579832,
                    "right": 0.9103411764705882,
                    "top": 0.8069173602853745
                }
            }
        },
        "2": {
            "num_tables": 10,
            "tables": {
                "1": {
                    "bottom": 0.0780214030915576,
                    "left": 0.0758473949579832,
                    "right": 0.9103442016806724,
                    "top": 0.047807966706302024
                },
                "2": {
                    "bottom": 0.14073959571938174,
                    "left": 0.0758473949579832,
                    "right": 0.9103442016806724,
                    "top": 0.1105095124851367
                },
                "3": {
                    "bottom": 0.2180095124851367,
                    "left": 0.0758473949579832,
                    "right": 0.9103442016806724,
                    "top": 0.18777824019024975
                },
                "4": {
                    "bottom": 0.2952782401902497,
                    "left": 0.0758473949579832,
                    "right": 0.9103442016806724,
                    "top": 0.2650469678953627
                },
                "5": {
                    "bottom": 0.3725469678953627,
                    "left": 0.0758473949579832,
                    "right": 0.9103442016806724,
                    "top": 0.34231569560047564
                },
                "6": {
                    "bottom": 0.4207324613555291,
                    "left": 0.0758473949579832,
                    "right": 0.9103442016806724,
                    "top": 0.3905011890606421
                },
                "7": {
                    "bottom": 0.4689179548156955,
                    "left": 0.0758473949579832,
                    "right": 0.9103442016806724,
                    "top": 0.43868668252080856
                },
                "8": {
                    "bottom": 0.6043543400713436,
                    "left": 0.0758473949579832,
                    "right": 0.9103442016806724,
                    "top": 0.5741230677764567
                },
                "9": {
                    "bottom": 0.6816230677764566,
                    "left": 0.0758473949579832,
                    "right": 0.9103442016806724,
                    "top": 0.6513917954815698
                },
                "10": {
                    "bottom": 0.7443495838287754,
                    "left": 0.0758473949579832,
                    "right": 0.9103442016806724,
                    "top": 0.7141195005945304
                }
            }
        },
        "3": {
            "num_tables": 0,
            "tables": {}
        }
    }
}